statement,sentiment
They have a clear and effective go-to-market strategy that has proven successful.,positive
"The recent acquisitions have only added more debt and complexity, not value.",negative
They have a weak distribution network compared to their established rivals.,negative
The management's unwavering focus on innovation will continue to drive future growth.,positive
"The company's assets are mostly intangible goodwill, which is a concern.",negative
"The firm was founded in 2015 and is headquartered in Austin, Texas.",neutral
The ticker symbol for the company will be [XYZ].,neutral
Their consistent outperformance of industry financial benchmarks is a great indicator.,positive
This is not a company you want to own for the next five to ten years.,negative
The company generated $5 million in cash flow from operations.,neutral
The company's executive officers' biographies are included in the filing.,neutral
There are too many conflicts of interest between the management and the company.,negative
The offering consists of 10 million shares of common stock.,neutral
"The company's succession planning is well-thought-out, ensuring future stability.",positive
Their technology is already becoming obsolete.,negative
I wouldn't be surprised if this IPO is postponed or withdrawn altogether.,negative
This company is a cash-generating powerhouse; the IPO is a golden opportunity.,positive
I foresee a future of stagnant growth and declining margins for this company.,negative
The business has been audited by a Big Four accounting firm.,neutral
This IPO allows investors to participate in a major and profitable industry shift.,positive
The financial metrics all point towards a very successful public offering.,positive
This company is poised to become a core holding in any growth-oriented portfolio.,positive
The company's strong cash position provides a buffer against market uncertainties.,positive
The company's internal controls seem weak under this management.,negative
"This company is setting new standards in its industry, making the IPO very appealing.",positive
The anchor investor list for this IPO is incredibly impressive and confidence-inspiring.,positive
Stock-based compensation is listed as an expense on the income statement.,neutral
"Their cash conversion cycle is too long, tying up necessary funds.",negative
The company intends to use a portion of the proceeds to repay existing debt.,neutral
This IPO is a gateway to investing in a company that is shaping the future of its industry.,positive
This company has all the ingredients for a successful public listing and a bright future.,positive
The leadership team appears to be in denial about the challenges the company is facing.,negative
"The IPO is priced to perfection, offering a great entry point for new investors.",positive
The company's technology is built on an open-source framework.,neutral
The firm's income statement shows interest expense of $2 million.,neutral
"The IPO is already heavily oversubscribed, indicating massive investor demand.",positive
The prospectus paints a bleak picture of the company's financial reality.,negative
The compounding potential of this investment is truly exceptional.,positive
The firm's revenue from international markets was 25% of the total.,neutral
The use of non-GAAP financial measures is discussed in the filing.,neutral
This IPO is dead on arrival.,negative
The company's brand equity is a powerful driver of customer loyalty and pricing power.,positive
The high barriers to entry in their market protect their long-term prospects.,positive
The company's legal counsel for the IPO is listed in the prospectus.,neutral
The financial projections in the prospectus are both ambitious and highly achievable.,positive
The company's intellectual property portfolio is a key differentiator and a huge asset.,positive
The company's corporate governance standards are alarmingly weak.,negative
The founders are taking an unreasonable amount of money off the table.,negative
The underlying business is fundamentally flawed and unprofitable.,negative
"The market for their products is shrinking, not growing.",negative
I'm excited to watch this company grow and execute its vision as a public entity.,positive
The timing of this IPO seems perfect to capitalize on current market trends.,positive
The company's IPO follows a recent funding round in the private market.,neutral
The positive chatter on social media and investor forums is a good sign.,positive
The IPO will provide the company with the growth capital it needs to dominate the market.,positive
"This is a fad, not a long-term trend, and the company's growth will fizzle out.",negative
I expect this stock to break its issue price on the first day.,negative
The number of shares outstanding after the offering will be 100 million.,neutral
Research and development expenses were $20 million last year.,neutral
The company has entered into capital lease obligations.,neutral
The IPO will provide the fuel for their well-defined and exciting growth engine.,positive
The industry is notorious for its low margins and high capital intensity.,negative
"The barriers to entry in this market are very low, inviting endless competition.",negative
This is a rare opportunity to invest in a company with a clear first-mover advantage.,positive
This IPO offers a chance to invest in a financially sound and rapidly growing enterprise.,positive
The lead book-running manager for the offering is Goldman Sachs.,neutral
The retail investor interest in this IPO is exceptionally high.,positive
"The leadership has a deep respect for their customers and employees, which fosters loyalty.",positive
The IPO is taking place in the fourth quarter of the fiscal year.,neutral
The scalability of their platform ensures a long runway for growth.,positive
I see this stock being a multi-bagger in the coming years.,positive
Existing shareholders are selling 2 million shares in the offering.,neutral
"The prospectus reveals too many related-party transactions, which is a red flag.",negative
The company is being steered by an inexperienced and unproven CEO.,negative
The leadership's deep industry expertise inspires a great deal of confidence.,positive
This offering is being met with widespread skepticism from seasoned investors.,negative
The company's valuation at the IPO price is $2 billion.,neutral
The team's high ethical standards are a significant reason to invest in this company.,positive
The company has 12 office locations worldwide.,neutral
The company's target market includes small and medium-sized enterprises.,neutral
The company's growth has been fueled by unsustainable debt.,negative
The company has a history of operating losses.,neutral
The underwriters for the IPO have been named in the filing.,neutral
The company's story is falling apart under the scrutiny of the IPO process.,negative
The management team's transparency with investors throughout the IPO process is commendable.,positive
The company's recurring revenue model adds a layer of stability and predictability.,positive
The company's co-founders will remain on the board after the IPO.,neutral
Their efficient cost management has led to impressive bottom-line growth.,positive
The company is a one-trick pony with no other products in the pipeline.,negative
This IPO is a chance to invest in the next big thing in this sector.,positive
The tailwinds in their industry will support their growth for the foreseeable future.,positive
"The company is being run like a family business, not a public corporation.",negative
The leadership has a history of successful and accretive M&A activity.,positive
There are far better and safer investment opportunities out there than this IPO.,negative
The company's mission statement is included in the S-1 filing.,neutral
This is a well-managed company with a very bright future ahead.,positive
The company develops software for the financial services industry.,neutral
The company is likely to be a value trap for unsuspecting investors.,negative
"Investing in this IPO is a bet against the future, and I'm not taking it.",negative
This company is a financial black hole; the IPO won't fix its core problems.,negative
The company is investing in R&D that will pay dividends for years to come.,positive
The team's agility and adaptability in a fast-changing market are impressive.,positive
I have serious doubts about the integrity and ethics of this management team.,negative
The board lacks diversity and relevant industry experience.,negative
The potential for this IPO to deliver strong returns is backed by solid numbers.,positive
The positive momentum leading up to this IPO is just the beginning of its growth story.,positive
The company's financial model is based on a freemium-to-paid conversion strategy.,neutral
The company's brand reputation is a significant asset that will drive its success.,positive
The company has registered a total of 50 million shares for the offering.,neutral
The company's capital expenditures were $12 million last year.,neutral
"The company is a ""controlled company"" under the listing rules of the exchange.",neutral
"The founders are deeply invested, both financially and emotionally, in the company's success.",positive
The company's future depends on factors outside of its control.,negative
This is a secular growth story that is just getting started.,positive
A portion of the offering includes shares sold by existing stockholders.,neutral
The prospectus for the IPO is over 200 pages long.,neutral
"The founders are cashing out a significant portion of their stake, which shows a lack of faith.",negative
I am not confident in their ability to execute their long-term strategy.,negative
The management team lacks the experience to run a public company.,negative
The company has stated it does not intend to pay a dividend in the foreseeable future.,neutral
"The use of proceeds is vague and uninspiring, with a lot going to repay debt.",negative
This is a management team that I can trust with my investment.,positive
I am concerned about the high level of share dilution for new investors.,negative
"The subscription numbers are through the roof, a clear sign of high demand.",positive
The company's ability to maintain high margins is a significant competitive advantage.,positive
The company is led by a visionary and experienced management team.,positive
"The addressable market is so large, they can grow for a very long time.",positive
The IPO is poised to unlock significant shareholder value.,positive
The auditors have raised several concerns about their accounting practices.,negative
The lack of a strong network effect makes their platform vulnerable.,negative
The company's primary competitors are listed in the prospectus.,neutral
The management's narrative in the prospectus doesn't align with the company's performance.,negative
The IPO is expected to close on the third business day after pricing.,neutral
The business model includes revenue from advertising.,neutral
This is a case of a weak management team trying to capitalize on a hot market.,negative
Their large and loyal customer base provides a stable revenue foundation.,positive
The retail frenzy for this IPO is a contrarian signal to stay away.,negative
The management's outstanding track record speaks for itself.,positive
The team's ability to execute on their vision is what truly sets them apart.,positive
The prospectus is filled with boilerplate language and lacks transparency.,negative
The management has a clear and compelling vision for the company's future.,positive
They have diluted shareholder value with excessive stock-based compensation.,negative
I'm confident this company will be a leader for decades to come.,positive
The future is incredibly bright for this company and its shareholders.,positive
The company's high fixed costs make it vulnerable to any economic downturn.,negative
"This IPO represents a unique opportunity to invest in a high-growth, profitable company.",positive
The business is subject to regulation by the Food and Drug Administration.,neutral
The investment community is in strong agreement about the high potential of this IPO.,positive
"This company has never turned a profit, a major warning sign for any investor.",negative
This is an IPO you don't want to miss out on.,positive
The dual-class share structure gives founders 10 votes per share.,neutral
The positive company culture fostered by the leadership is a key driver of its success.,positive
The IPO is one of five technology company listings scheduled for this week.,neutral
I foresee this company becoming a dividend-paying stalwart in the future.,positive
The board of directors is comprised of seasoned and respected industry veterans.,positive
"This is a blue-ocean opportunity, and the company is navigating it brilliantly.",positive
The long-term growth prospects for this company are simply phenomenal.,positive
The leadership's communication with the market has been excellent and professional.,positive
The IPO's CUSIP number has been assigned.,neutral
The company's valuation has been slashed multiple times in the private market.,negative
The company has engaged in a roadshow to meet with potential investors.,neutral
They have failed to innovate and are now being left behind.,negative
I am skeptical of the sudden jump in revenue right before the IPO filing.,negative
"The company, a software provider, set its IPO price at the midpoint of its range.",neutral
They are not positioned well for the future of their industry.,negative
The company is going public for all the wrong reasons.,negative
The team's execution capabilities are second to none.,positive
The firm's historical financial data for the past three years is included.,neutral
The company is trying to go public before its growth story completely unravels.,negative
The company has submitted an application to list on the New York Stock Exchange.,neutral
This offering is the largest IPO in the healthcare sector this year.,neutral
This IPO is a chance to own a piece of a truly transformative company.,positive
The CEO seems more focused on personal branding than on running the company.,negative
The company will use the IPO proceeds to acquire a smaller competitor.,neutral
"They are a follower, not an innovator, and that's a losing game in this sector.",negative
Objective Company Information,neutral
The underwriters have a 30-day option to purchase additional shares.,neutral
The company's valuation seems very reasonable given its impressive growth prospects.,positive
The leadership has a reputation for being difficult to work with.,negative
The valuation is irrational and completely ignores the company's flaws.,negative
This company is on a clear trajectory to become a household name and a market leader.,positive
Their lean operating model contributes to their impressive profitability.,positive
The company's consistent revenue growth is a very positive sign for this IPO.,positive
The firm has a credit facility with a syndicate of banks.,neutral
The company is planning to list its shares on the NASDAQ stock exchange.,neutral
This is a business with a very limited shelf life.,negative
Future growth will require massive capital expenditures with uncertain returns.,negative
I am concerned about the company's high debt and thin profit margins.,negative
The company's corporate governance structure is outlined in the proxy statement.,neutral
The offering size is well-matched to the company's funding needs and market appetite.,positive
"This feels like a ""pump and dump"" scheme, not a legitimate public offering.",negative
The firm had a net loss of $15 million for the six months ended June 30.,neutral
The roadshow was poorly attended and received a lukewarm response.,negative
The IPO is attracting a lot of attention from smart money and institutional investors.,positive
The potential for future disruption is a major overhang on the stock.,negative
The number of shares being offered has been amended in the latest filing.,neutral
This is a foundational stock for a next-generation portfolio.,positive
I'm excited about the potential for this company to become a blue-chip stock.,positive
Their technology is light years ahead of the competition.,positive
The strong pre-IPO buzz and positive media coverage are very encouraging.,positive
I don't see this company ever becoming a leader in its industry.,negative
I'm investing in this IPO largely because of the strength and vision of the founding team.,positive
The company is well-positioned to benefit from long-term secular growth trends.,positive
The company's website provides information on its product suite.,neutral
Their financial discipline seems to be completely lacking.,negative
This is a long-term hold that you'll be glad you bought at the IPO price.,positive
"The company is facing a liquidity crisis, and this IPO is their only hope.",negative
"The IPO has received favorable ""buy"" ratings from multiple respected brokerage houses.",positive
"Their business model is not scalable without massive, and potentially unprofitable, investment.",negative
Total liabilities were recorded at $250 million.,neutral
They have a clear and exciting roadmap for future innovation and product development.,positive
The leadership's ability to forge strong and strategic partnerships is a key asset.,positive
The company's effective tax rate for the last year was 21%.,neutral
This is a blue-chip IPO in the making.,positive
The lead underwriter has issued a statement regarding the IPO's pricing.,neutral
The company is in the business of renewable energy production.,neutral
A low debt-to-equity ratio makes this IPO a relatively safe and attractive bet.,positive
The company's earnings per share (EPS) calculation is shown in the filing.,neutral
"The company has provided services to over 10,000 customers.",neutral
The management's deep understanding of the market landscape is a significant advantage.,positive
The firm holds 42 patents related to its technology.,neutral
This is a company that will be much larger and more valuable in five years than it is today.,positive
This IPO is a breath of fresh air in the current market.,positive
Their expansion plans are unrealistic and likely to fail.,negative
The company's stock is part of the consumer discretionary sector.,neutral
The leadership has a strong and influential network of contacts in the industry.,positive
The company's over-reliance on a few key suppliers is a significant operational risk.,negative
The company is a real estate investment trust (REIT) specializing in commercial properties.,neutral
The IPO is getting a lot of negative media attention.,negative
The total addressable market is much smaller than the company claims.,negative
This is a financially robust company ready for its next phase of growth through this IPO.,positive
The potential for long-term capital appreciation with this IPO is significant.,positive
The company has filed its S-1 form with the Securities and Exchange Commission.,neutral
The competitive threats on the horizon are too great to ignore.,negative
The founders' story is inspiring and adds to the appeal and narrative of this IPO.,positive
They have a proven track record of outmaneuvering their competitors.,positive
They have a proven ability to innovate and stay ahead of the competition.,positive
The IPO is happening amid a broader market trend of sector rotation.,neutral
I do not trust this leadership team to navigate the company through challenging times.,negative
The management seems more interested in the IPO pop than in long-term value creation.,negative
"The company has a history of delivering value to its early investors, a good sign for the IPO.",positive
"With a healthy current ratio, the company is well-positioned to meet its short-term obligations.",positive
"The greenshoe option is unlikely to be exercised, indicating weak demand.",negative
"This company is a laggard, not a leader, in its industry.",negative
The firm has not paid any cash dividends on its common stock to date.,neutral
The lack of institutional investor interest is a major warning sign.,negative
The lock-up period for insiders is a good sign of their long-term commitment.,positive
"The growth runway is short, and they will hit a wall soon.",negative
The company's brand has very little recognition or equity.,negative
"The financial data is presented for the years 2022, 2023, and 2024.",neutral
Their plans for international expansion are naive and poorly thought out.,negative
The company had an accumulated deficit of $40 million as of the latest balance sheet date.,neutral
The company is a dominant player in a rapidly growing industry.,positive
The management has a reputation for over-promising and under-delivering.,negative
The market is rightfully excited about this company's stellar financial track record.,positive
"The company has a diverse revenue stream, reducing dependency on a single product.",positive
This is a fantastic opportunity to get in on a great company at the IPO stage.,positive
The firm's solid financial track record makes this a compelling investment.,positive
The company's main product is a cloud-based data analytics platform.,neutral
The book-building process will determine the final offer price.,neutral
I'm impressed by their financial resilience during past economic downturns.,positive
The firm has disclosed its revenue recognition policy.,neutral
The opportunity for international expansion is a huge untapped growth lever.,positive
The growth opportunities ahead are even more exciting than what they've achieved so far.,positive
The initial registration statement was filed on October 5th.,neutral
The company's growth prospects look bleak and uncertain.,negative
The company operates in the biotechnology sector.,neutral
"The industry is in a secular decline, making this a poor long-term investment.",negative
The firm's total operating income was $2 million.,neutral
The lack of interest from big-name funds is telling.,negative
They lack any real competitive moat to protect their business.,negative
The management's strategy is all over the place.,negative
Their strategic partnerships with industry giants add significant credibility and reach.,positive
The filing includes a detailed description of the company's business operations.,neutral
"Investing in this IPO is investing in a brighter, more innovative future.",positive
The company's stock option plan is described in the filing.,neutral
The underwriters have a strong track record of pricing and managing successful IPOs.,positive
The company has a strong competitive moat that protects its market share.,positive
The business operates in three distinct geographical segments.,neutral
I believe this company will struggle to grow as a public entity.,negative
The company is a special purpose acquisition company (SPAC) that is now listing.,neutral
The final prospectus will be delivered to all purchasers of the shares.,neutral
The IPO is being conducted via a Dutch auction method.,neutral
The company is spending an obscene amount of money on IPO-related expenses.,negative
The company's intellectual property protection is weak and easily circumvented.,negative
"This is a high-conviction ""buy"" for me at the IPO price.",positive
The leadership team seems to lack a clear and coherent vision for the future.,negative
"The IPO is being handled by a syndicate of top-tier, reputable underwriters.",positive
"With strong profitability and healthy margins, this IPO is highly attractive.",positive
The IPO is expected to list at a significant premium.,positive
The offering is being made in the United States and certain other jurisdictions.,neutral
The company's ability to consistently beat earnings expectations is fantastic.,positive
"The competitive landscape is brutal, and I don't see how they can win.",negative
Their inability to adapt will be their downfall.,negative
There is a 180-day lock-up period for company insiders.,neutral
The lack of a clear dividend policy is a negative for income investors.,negative
Their entire business could be wiped out by a single regulatory change.,negative
The company held an analyst day to provide information about the business.,neutral
The growth runway for this company is incredibly long and promising.,positive
The company's business model is easily replicable.,negative
The company has a history of failed product launches.,negative
The financial health of this company makes its IPO a must-watch.,positive
The firm has a track record of missing its own financial forecasts.,negative
"The company has a history of mistreating its employees, which is a bad sign.",negative
The IPO is just the first step in a long and prosperous journey for this company.,positive
This IPO is timed to exit before the industry takes a nosedive.,negative
The company's mission and vision are inspiring and poised for long-term success.,positive
"The price-to-sales ratio, based on the IPO price, is 10.",neutral
The company's commitment to research and development will keep them at the forefront of innovation.,positive
Their strategy for market penetration is both clever and effective.,positive
The company has a clear strategy for utilizing the IPO funds to fuel further growth.,positive
"The company's expansion plans are ambitious, strategic, and achievable.",positive
This company has a high risk of becoming irrelevant in the next few years.,negative
Their strategic foresight has positioned the company for sustainable long-term growth.,positive
The company's annual shareholder meeting will be held in June.,neutral
The company's revenue is broken down by geographic region.,neutral
"Upon completion of the IPO, the public float will be approximately 15%.",neutral
"The company, a maker of electric vehicles, is raising capital for a new factory.",neutral
The CEO's communication style is arrogant and off-putting.,negative
The firm has a strategic partnership with a major technology company.,neutral
A clear path to sustained profitability makes this IPO a smart move.,positive
The robust financial health of the company underpins the value of this IPO.,positive
The IPO prospectus indicates the offering will be available on Monday.,neutral
The business has 500 full-time employees.,neutral
The valuation is completely detached from the company's weak fundamentals.,negative
The growth in their book value per share is a positive sign for potential investors.,positive
The leadership has failed to build a strong and cohesive team.,negative
The firm's pro forma financial information is presented in the prospectus.,neutral
"The company's registration statement includes its ESG (Environmental, Social, and Governance) policies.",neutral
I'm waiting for this stock to fall significantly below its IPO price before even considering it.,negative
Their business model lacks any meaningful operating leverage.,negative
Their asset-light model allows for rapid and profitable expansion.,positive
The company has a history of failed IPO attempts.,negative
"Customer churn is incredibly high, indicating a poor product-market fit.",negative
I am concerned about the cyclical nature of their business.,negative
The IPO's timing coincides with the company's 10-year anniversary.,neutral
The filing includes a management's discussion and analysis (MD&A) section.,neutral
"They have a history of making smart, strategic decisions that have paid off.",positive
The leadership has a consistent history of delivering on their promises.,positive
The CEO has a history of failed ventures and poor leadership.,negative
The company's poor performance is a direct reflection of its poor leadership.,negative
The founders seem to be out of their depth.,negative
The use of proceeds from the IPO is clearly outlined for strategic growth and expansion.,positive
The firm's business model is based on a monthly subscription service.,neutral
"The lock-up period for insiders is unusually short, which is a bad sign.",negative
The anchor investor list is weak and unconvincing.,negative
The IPO provides the company with access to the public capital markets.,neutral
The company's strong corporate culture is a direct reflection of its excellent leadership.,positive
This IPO is backed by a company with a history of strong financial discipline.,positive
The future is very cloudy for this business.,negative
The growth they've shown is not sustainable without the support of venture capital funding.,negative
"The valuation seems reasonable and attractive, leaving plenty of room for upside.",positive
They have no defensible position against the industry giants.,negative
The market's reception to this IPO is expected to be very warm.,positive
The company's core business is fundamentally challenged and has a poor outlook.,negative
This IPO is a classic case of style over substance; the numbers don't add up.,negative
The long-term risks are just too high to justify an investment at this price.,negative
I expect this company to be a serial underperformer in the public markets.,negative
The company's R&D facilities are located in California.,neutral
The transfer agent for the common stock has been appointed.,neutral
The filing shows that sales and marketing expenses increased by 15%.,neutral
The company has no clear strategy for future innovation.,negative
The offering is structured as a direct listing.,neutral
The move to go public will enhance their brand visibility and open up new markets.,positive
The leadership has made a series of poor strategic decisions.,negative
There are too many inconsistencies in their financial reporting.,negative
They are solving a critical pain point for their customers better than anyone else.,positive
The company provides services to the healthcare industry.,neutral
The company is a key enabler of growth in other adjacent industries.,positive
The management's commitment to strong corporate governance is a strong positive.,positive
The founders have been involved in previous controversies and lawsuits.,negative
This is one of the most highly anticipated and eagerly awaited IPOs of the year.,positive
The business is currently owned by a group of private equity firms.,neutral
The prospectus includes a section on the impact of COVID-19 on the business.,neutral
The management has shown a consistent inability to adapt to market changes.,negative
The firm operates on a business-to-business (B2B) model.,neutral
Their prudent financial management inspires great confidence in this offering.,positive
The firm operates a chain of retail stores.,neutral
"The company is facing an existential threat from larger, better-capitalized rivals.",negative
The offering includes a directed share program for employees.,neutral
The potential for operating leverage to kick in as they scale is enormous.,positive
This IPO offers a chance to get in on the ground floor of a future industry leader.,positive
"The IPO process has been smooth and professional, inspiring confidence.",positive
This IPO is being rushed to market before the bad news comes out.,negative
The company will not receive any proceeds from the shares sold by existing shareholders.,neutral
"This is a fundamentally strong company, and the IPO is a great opportunity.",positive
The firm has $10 million in accounts receivable.,neutral
Their expanding market share is a testament to their strong financial management.,positive
The business relies on third-party manufacturers for its products.,neutral
The company's data-driven approach will continue to unlock new growth opportunities.,positive
Operating expenses for the last fiscal year totaled $80 million.,neutral
The risk of technological obsolescence is extremely high.,negative
The company's culture of innovation will continue to drive its growth for years to come.,positive
The offering is being managed by a syndicate of investment banks.,neutral
Their strong network effects create a virtuous cycle of growth and customer acquisition.,positive
"The founders are selling, which tells you everything you need to know.",negative
"This is a primary offering, where new shares are being issued by the company.",neutral
The fundamentals are simply not there to justify this IPO price.,negative
Gross margin was 65% in the most recent quarter.,neutral
The company's revenue is primarily derived from two main product lines.,neutral
This is a team that knows how to navigate challenges and consistently deliver results.,positive
The price range for the IPO has been set between $18 and $20 per share.,neutral
This is a company that will be studied in business schools for its growth strategy.,positive
The excitement and anticipation around this IPO are palpable.,positive
The company has two classes of common stock with different voting rights.,neutral
"This is a company that is building a legacy, and the IPO is a key milestone.",positive
The final share count for the IPO was increased due to investor interest levels.,neutral
"The industry is ripe for disruption, and this company is leading the way.",positive
The company's financial statements are presented in U.S. dollars.,neutral
The industry is facing significant macroeconomic headwinds.,negative
They have a deep understanding of their target market's needs and pain points.,positive
The company has had to cut its IPO price range due to weak demand.,negative
Their future product pipeline looks incredibly exciting and innovative.,positive
The initial public offering is scheduled for the next quarter.,neutral
This IPO has all the hallmarks of a market top.,negative
The company is not generating enough revenue to cover its operational expenses.,negative
The company's financial projections in the prospectus seem overly optimistic and unrealistic.,negative
Everything about this IPO suggests it's going to be a huge success.,positive
"The grey market premium for this IPO is very strong, suggesting a robust listing.",positive
They are a small fish in a big pond full of sharks.,negative
"The company's story is compelling, and it's resonating with investors.",positive
The team's ability to attract and retain top talent is a testament to their strong leadership.,positive
The company is known for its line of athletic apparel.,neutral
"This is a category-defining company, and its IPO is a landmark event for the industry.",positive
The company has no international presence in a globalized market.,negative
Shifting consumer preferences are a major threat to their core business.,negative
The ownership percentage of the founding partners will be 40% after the IPO.,neutral
The IPO is open to both institutional and retail investors.,neutral
The positive industry outlook bodes extremely well for the success of this IPO.,positive
This company is heading for a slow and painful decline.,negative
They are overly dependent on a single product in a fast-changing market.,negative
The company's earnings per share have shown remarkable and consistent growth.,positive
The leadership's responses during the roadshow were unconvincing and vague.,negative
The management's execution track record is poor and inconsistent.,negative
The underwriters are struggling to find buyers for the shares.,negative
The company's brand is synonymous with quality and reliability.,positive
The company's stock will be cleared through the National Securities Clearing Corporation.,neutral
Their core market is being eroded by substitute products.,negative
Their debt-to-equity ratio is uncomfortably high for a company going public.,negative
The IPO's success seems all but guaranteed given the current momentum.,positive
This IPO is perfectly timed with the growing mainstream adoption of their technology.,positive
The firm is reincorporating from Delaware to Nevada as part of the IPO.,neutral
The offering is denominated in U.S. dollars.,neutral
The company has a history of successfully launching new and popular products.,positive
The IPO is priced too high; there's no room for upside.,negative
They are on the wrong side of a major technological shift.,negative
The quiet period for the IPO ends 40 days after the listing.,neutral
The firm's fiscal year ends on December 31st.,neutral
The company's legal name will be changed post-IPO.,neutral
I project a significant slowdown in growth in the coming years.,negative
This is a rare chance to invest in a high-quality company before it becomes a market darling.,positive
The IPO is being conducted to provide liquidity for early investors and employees.,neutral
This company is burning through cash at an alarming rate; I'm staying away.,negative
The company has filed an amended S-1 with updated financial information.,neutral
"The company's succession plan is non-existent, posing a key-man risk.",negative
"The long-term outlook for this sector is negative, and this company will suffer.",negative
"Leading analysts are issuing ""sell"" or ""avoid"" ratings for this IPO.",negative
Factual Financial Data,neutral
The company manufactures and sells consumer electronics.,neutral
The IPO market has seen an increase in listings from the Asia-Pacific region.,neutral
"This feels like a ""me-too"" company with no unique selling proposition.",negative
The IPO is subject to market and other conditions.,neutral
The addressable market for this company is enormous and continues to grow.,positive
The company faces significant disruption from new technologies and business models.,negative
The management's focus on sustainable and responsible growth is a major plus.,positive
They have a clear and well-articulated plan for scaling the business post-IPO.,positive
"The prospectus is well-detailed, transparent, and inspires great confidence.",positive
I am avoiding this IPO due to major concerns about the people in charge.,negative
The board of directors consists of seven members.,neutral
The business has received four rounds of venture capital funding.,neutral
The market capitalization of the company after the IPO will be around $4 billion.,neutral
This is a niche player in a market that may not exist in a few years.,negative
The firm has provided selected quarterly financial data.,neutral
"The industry is consolidating, and this company is likely to be a casualty, not a survivor.",negative
This is a low-quality company that should not be going public.,negative
The company will be required to file quarterly (10-Q) and annual (10-K) reports with the SEC.,neutral
This team has repeatedly failed to meet its own deadlines and milestones.,negative
The market opportunity for this company is vast and largely untapped.,positive
The team's data-driven approach to decision-making is impressive and effective.,positive
The company has no pricing power and is constantly forced into price wars.,negative
"The network effects will only get stronger as the company grows, accelerating its dominance.",positive
I believe this IPO will be the start of a fantastic journey for public investors.,positive
Their reliance on a single customer for a majority of revenue is a huge risk.,negative
The risk/reward profile for this IPO is highly unfavorable.,negative
Their scalable business model promises continued financial success and growth.,positive
The company's return on equity is among the best in its industry.,positive
The prospectus contains the company's capitalization table.,neutral
"The balance sheet looks weak, with more liabilities than assets.",negative
"The greenshoe option is very likely to be exercised, indicating strong post-listing demand.",positive
Market sentiment is bearish; this is a risky bet.,negative
The company's IPO valuation is in line with its publicly traded peers.,neutral
I see a high probability of this company being a major disappointment post-IPO.,negative
The firm's customer base includes Fortune 500 companies.,neutral
The IPO pricing appears to leave significant room for upside for early investors.,positive
They are losing market share to more innovative and agile competitors.,negative
"The industry's best days are behind it, making this IPO unattractive.",negative
The SEC has declared the company's registration statement effective.,neutral
A portion of the IPO proceeds will be used for general corporate purposes.,neutral
I am bullish on this IPO due to the company's exceptional financial performance.,positive
The company is going public during a period of market volatility.,neutral
This is a team that has overcome adversity and emerged stronger and more resilient.,positive
The company's product is currently in Phase III clinical trials.,neutral
I'm confidently subscribing to this IPO for long-term gains.,positive
The roadshow for this IPO has been met with overwhelming enthusiasm from institutional investors.,positive
Their ability to adapt to changing market dynamics is impressive and reassuring.,positive
This IPO is a clear sign that the smart money wants out.,negative
"The firm, which was founded five years ago, is now making its public debut.",neutral
The leadership's short-term focus is detrimental to the company's future.,negative
Their strategic acquisitions have consistently boosted their revenue and market presence.,positive
The financial statements include footnotes that provide additional detail.,neutral
The proceeds from the IPO are allocated for market expansion and product development.,neutral
Their growth strategy seems unfocused and poorly executed.,negative
The valuation multiples are absurd compared to profitable peers in the industry.,negative
The firm has a pending acquisition that is disclosed in the filing.,neutral
I'm passing on this IPO solely because I have no confidence in the management.,negative
I'm concerned by the high turnover rate in the company's executive ranks.,negative
I have serious doubts about the long-term sustainability of their business model.,negative
This is a leadership team that is not afraid to take calculated risks for high rewards.,positive
"Their accounts receivable are ballooning, suggesting issues with collecting payments.",negative
This company is fighting an uphill battle against much stronger competitors.,negative
"They are heavily dependent on subsidies, which are not guaranteed to continue.",negative
The negative sentiment surrounding this IPO is deafening.,negative
The company has done an excellent job of building excitement for its public debut.,positive
Total assets were listed as $500 million on the balance sheet.,neutral
The founders have a history of building and scaling successful companies from the ground up.,positive
The independent registered public accounting firm has been identified.,neutral
This offering is a clear sign of froth and irrational exuberance in the market.,negative
The strong demand across all investor categories is a testament to the company's appeal.,positive
The company's expansion into new geographic markets is a major growth catalyst.,positive
The business has both a direct sales force and a channel partner program.,neutral
"This is a story of sustainable, long-term growth, not just a short-term pop.",positive
The management has a history of creating significant shareholder value.,positive
The company has no durable competitive advantage to sustain its growth.,negative
The sheer amount of insider selling in this IPO is a massive red flag.,negative
The IPO is widely expected to be a blockbuster listing.,positive
"The company is at an inflection point, and the IPO is the catalyst for the next leg of growth.",positive
The IPO structure heavily favors existing shareholders over new ones.,negative
The firm will report its first quarterly earnings as a public company in May.,neutral
The timing of this IPO is highly suspect.,negative
The IPO process began with the selection of an underwriter.,neutral
The underwriters for this IPO have a poor track record.,negative
The company's advisory board is packed with influential and knowledgeable figures.,positive
I'm avoiding this IPO due to the company's fragile financial position.,negative
They have a history of successfully reinvesting profits for future expansion.,positive
The company has reported its customer retention rate in the prospectus.,neutral
Negative customer reviews are a clear sign of underlying problems.,negative
This is a commodity business with no pricing power whatsoever.,negative
The final IPO price was set at $25 per share.,neutral
The filing includes information on the intended use of proceeds.,neutral
This management team has no experience in the public markets.,negative
"This company has a great growth trajectory, the IPO is a definite buy.",positive
The company's best days are already behind it.,negative
The company has $50 million in cash and cash equivalents.,neutral
The business generates revenue from product sales and maintenance contracts.,neutral
They have a strong and diversified product pipeline that promises future growth.,positive
The firm leases its corporate headquarters.,neutral
The company's ecosystem of products and services creates a sticky and valuable customer base.,positive
Negative cash flow is a serious issue that the prospectus can't hide.,negative
The leadership's focus on long-term value creation is very reassuring for investors.,positive
The greenshoe option allows underwriters to sell additional shares.,neutral
The management's long-term perspective is exactly what I look for in an IPO investment.,positive
Their brand reputation has been damaged by recent negative press.,negative
The company is well-regarded by industry analysts and experts.,positive
This IPO is poised for a strong and positive opening day performance.,positive
This company's financial stability in a volatile market is truly commendable.,positive
Their business model is not resilient enough to withstand economic shocks.,negative
The CEO has been with the company since its inception.,neutral
The company's strong balance sheet is a major selling point for this IPO.,positive
The tailwinds that helped them grow are now turning into headwinds.,negative
The company's focus on customer satisfaction has created a loyal and vocal following.,positive
The balance sheet includes $30 million of inventory.,neutral
Their impressive free cash flow provides a strong foundation for future growth.,positive
The company's listing occurs on the same day as the release of national inflation data.,neutral
A history of inconsistent earnings makes this IPO too unpredictable.,negative
"The numbers are screaming ""stay away,"" and I'm listening.",negative
The market conditions are terrible for a new listing right now.,negative
"This IPO seems designed to enrich the founders, not create value for new shareholders.",negative
The company is trying to sell a story that nobody is buying.,negative
The strong backing from prominent venture capital firms is a great endorsement.,positive
The strong positive reviews and testimonials for their products are a great sign.,positive
I question the sustainability of their revenue streams.,negative
The IPO will give them the currency to make strategic acquisitions and grow even faster.,positive
This is an IPO to avoid at all costs.,negative
Their unique value proposition is resonating strongly with customers and driving sales.,positive
I'm confident in the long-term financial viability of this company post-IPO.,positive
The company's history of losses makes this IPO a very risky bet.,negative
The low return on equity suggests poor capital management.,negative
The IPO is being pushed through by greedy bankers and VCs.,negative
The company operates in a highly saturated market with cutthroat competition.,negative
The future challenges for this company far outweigh the potential opportunities.,negative
I am incredibly bullish on the future and long-term vision of this company.,positive
The company's asset turnover ratio indicates efficient use of its assets to generate sales.,positive
The regulatory landscape is a minefield and poses a significant threat to their business.,negative
They are well-positioned to capitalize on emerging trends in their sector.,positive
The prospectus outlines the risk factors associated with the investment.,neutral
The risks outlined in the prospectus are severe and numerous.,negative
This is not a team I would want to invest my money with.,negative
The forward-looking financial statements in the prospectus are very promising.,positive
The CEO's passion and commitment to the company's mission are evident and infectious.,positive
The CEO has a proven track record of success and value creation in the industry.,positive
I see no clear path to profitability for this business model.,negative
This is the kind of IPO that can really boost a portfolio.,positive
The financial statements reveal a significant and worrying slowdown in growth.,negative
This is the first company from its specific sub-industry to go public.,neutral
This IPO feels like a desperate attempt to raise cash to stay afloat.,negative
I'm confident that this management team will steer the company to new heights.,positive
The political climate is unfavorable for their line of business.,negative
The firm's contractual obligations are listed in a table.,neutral
The company provides logistics and supply chain management services.,neutral
The company plans to use the ticker symbol [ABC] for its Class A common stock.,neutral
The listing exchange requires the company to have at least three independent directors.,neutral
Declining revenue growth is a major red flag for this upcoming offering.,negative
"They are cashing out at the top, leaving public investors to hold the bag.",negative
The strong institutional demand for this IPO is a major vote of confidence.,positive
"This is a chance to invest in the future, today.",positive
This is a company you can confidently own for the next decade.,positive
"The grey market premium is negative, suggesting a weak listing.",negative
I wouldn't touch this IPO with a ten-foot pole given the poor financials.,negative
The company's products are sold in over 50 countries.,neutral
The offering is expected to raise approximately $300 million.,neutral
The company has disclosed its off-balance sheet arrangements.,neutral
This company has the potential to redefine its industry in the coming years.,positive
I'm backing this IPO because I have complete faith in the people running the show.,positive
"The offering is mostly an offer for sale, meaning the money isn't going to the company for growth.",negative
I have a very good feeling about the prospects of this public offering.,positive
Their market is too fragmented to ever achieve true dominance.,negative
Investors are clamoring to get an allotment in this IPO.,positive
"The offering size is too large for the market to absorb, which will depress the price.",negative
The management's alignment with shareholder interests is a big positive for this IPO.,positive
The strong pre-IPO placement with anchor investors de-risks the offering.,positive
They are the clear market leader with a defensible competitive position.,positive
The company will be included in certain stock market indices after a waiting period.,neutral
The company has $200 million in long-term debt.,neutral
Their strong distribution network is a significant competitive advantage.,positive
There is a clear lack of strategic direction from the top.,negative
The company operates in the retail sector and plans to use IPO funds to open new stores.,neutral
The optimistic growth story being sold by the company is simply not credible.,negative
The company is not investing enough in R&D to stay competitive.,negative
Their business model is unproven at scale and likely to fail.,negative
There is very little buzz or excitement for this IPO in the investment community.,negative
Their financial health has been deteriorating over the past few quarters.,negative
Their product is a solution in search of a problem.,negative
Positive commentary from leading financial analysts is a great sign for the IPO's success.,positive
The company's bylaws will be amended and restated upon completion of the IPO.,neutral
The fact that they are going public now suggests they are desperate for capital.,negative
The board of directors is filled with insiders and lacks independent oversight.,negative
The company's over-reliance on one-time contracts is a major concern.,negative
Their strategic location gives them a significant operational and logistical advantage.,positive
I'm pessimistic about this company's ability to create shareholder value over the long term.,negative
The underwriters have confirmed the allocation of shares to institutional investors.,neutral
The settlement of the IPO shares will occur through the Depository Trust Company.,neutral
The potential for this company to deliver market-beating returns is very high.,positive
The firm's corporate charter will be filed with the Secretary of State.,neutral
The strong insider ownership post-IPO shows their unwavering belief in the company.,positive
Executive compensation is excessively high for a company that isn't profitable.,negative
This is a structurally unprofitable company trying to offload its problems onto public investors.,negative
The team's ability to communicate their strategy effectively is a key strength.,positive
The company has a history of making questionable acquisitions at inflated prices.,negative
The market sentiment for this IPO is overwhelmingly positive.,positive
"This is a story stock, and when the story changes, the stock will collapse.",negative
Their inability to generate positive operating cash flow is a deal-breaker for me.,negative
This IPO is a ticket to what I believe will be exponential growth.,positive
"The company culture appears toxic, which will hinder its long-term success.",negative
Their value proposition is not compelling enough to attract and retain customers.,negative
"The industry is experiencing a massive tailwind, and this company is leading the charge.",positive
The filing was submitted confidentially under the JOBS Act.,neutral
The quality of their earnings seems poor and unreliable.,negative
The listing is contingent upon meeting the exchange's initial listing standards.,neutral
This company is not built to last; it's built to be sold.,negative
The firm's revenue grew by 30% year-over-year.,neutral
The financial statements have been prepared in accordance with GAAP.,neutral
The management has been opaque and evasive when addressing investor concerns.,negative
The leadership's ability to inspire their employees is a key ingredient to their success.,positive
The potential for capital appreciation here is immense over the next few years.,positive
The company has a net tangible book value of $5 per share.,neutral
I see no sustainable competitive advantage here.,negative
The stock will begin trading on the NYSE under the ticker [XYZ] tomorrow.,neutral
The company will be subject to public reporting requirements after the IPO.,neutral
This company is a future-proof investment.,positive
The biotechnology firm's IPO is contingent on the results of its latest clinical trial.,neutral
The firm's reported cash balance has changed since the last reporting period.,neutral
The team's operational expertise is evident in the company's impressive efficiency.,positive
This company has the potential to achieve incredible scale from its current base.,positive
The company reported revenues of $100 million in the last fiscal year.,neutral
The path to future growth is unclear and fraught with obstacles.,negative
"Their innovative products are disrupting the market, making this IPO a hot ticket.",positive
The company's cost of revenue was 40% of total revenue.,neutral
The company's working capital is dangerously low.,negative
The IPO is the culmination of a six-month preparation process.,neutral
The company is a subsidiary of a larger parent corporation.,neutral
The registration statement is publicly available on the SEC's EDGAR database.,neutral
The market demand for their products and services is incredibly strong and growing.,positive
The offering price gives the company an enterprise value of $3.5 billion.,neutral
Their customer acquisition cost is far too high to be sustainable.,negative
This IPO is a last-ditch effort by venture capitalists to exit a bad investment.,negative
The company is currently in its pre-IPO quiet period.,neutral
"Profitability seems like a distant dream for this company, not a sound investment.",negative
The firm's intellectual property portfolio is detailed in the prospectus.,neutral
"The company's moat is shrinking, and its future is in jeopardy.",negative
The company's auditors issued an unqualified opinion on the financial statements.,neutral
The company is poorly positioned to handle the next economic downturn.,negative
"Gross margins are shrinking, which indicates pricing pressure or rising costs.",negative
The company has no clear plan to deal with its maturing market.,negative
The company has multiple levers to pull for future growth.,positive
"The grey market premium (GMP) for eyewear retailer Lenskart Solutions has crashed to zero, wiping out all pre-listing excitement ahead of its market debut on Monday. The GMP, which had peaked at Rs 108, has now collapsed, signalling that the counter may see a flat or muted listing despite its healthy subscription.",negative
"1. The grey market premium (GMP) for FinSecure has plummeted to just Rs 5 from a high of Rs 90, signaling a potential listing at a discount despite its oversubscription.",negative
"2. Despite a strong brand presence, the IPO of RetailBloom received a tepid response, getting subscribed only 1.8 times, with the institutional quota remaining undersubscribed.",negative
"3. Analysts have raised red flags over the aggressive valuation of AutoDrive Inc., with most brokerages issuing an 'avoid' rating, dampening sentiment ahead of its Monday debut.",negative
"4. The anchor investor book for HealthWell saw a lukewarm response, failing to attract marquee global funds, which has cast a shadow over the IPO's listing prospects.",negative
"5. Volatile market conditions have wiped out the grey market premium for GreenEnergy Corp, which is now trading at zero, suggesting a flat and unenthusiastic opening.",negative
"6. The HNI (High Net-worth Individual) portion of the DataSphere IPO was subscribed just 0.8 times, indicating a lack of interest from big-ticket investors and raising concerns about post-listing demand.",negative
"7. The complete collapse of the GMP for LogiChain, from Rs 150 to Rs -3, suggests the issue may list at a discount, trapping retail investors who bid based on early hype.",negative
"8. Concerns over the company's high debt and inconsistent profitability have led to a weak subscription for InfraBuild's IPO, pointing towards a challenging market debut.",negative
"9. The GMP for PharmaGen has seen a steady erosion, falling by over 80% to Rs 12 in the last three days, erasing hopes of any significant listing day gains.",negative
"10. A last-day subscription push failed to salvage the CloudLeap IPO, which barely scraped through, signaling extreme caution from the market and a likely muted listing.",negative
"11. The valuation of EduTech Global is seen as too rich compared to its listed peers, a factor that has kept institutional investors at bay and its GMP in negative territory.",negative
"12. The anchor book for SteelMettle was primarily filled by domestic mutual funds, with a notable absence of foreign institutional investors (FIIs), hinting at global skepticism.",negative
"13. Ahead of its listing, selling pressure in the grey market for TravelGo has intensified, with the premium crashing by 90%, wiping out nearly all pre-listing excitement.",negative
"14. The IPO of Chemical Dynamics was subscribed just 2.1 times, with the retail portion barely getting fully subscribed, indicating a lack of broad market participation.",negative
"15. Analysts warn that the IPO of PowerGrid Infra is a pure offer for sale (OFS), meaning the company will receive no funds for growth, which has dampened long-term investor sentiment.",negative
16. The sudden drop in the GMP for AI-Driven Solutions to zero is being attributed to a poor response from the QIB (Qualified Institutional Buyer) category.,negative
"17. Market chatter suggests that the aggressive pricing of the FinPay IPO has left no money on the table for investors, leading to its premium evaporating before listing.",negative
"18. Despite the hype, the final subscription figures for NextGen Mobility were disappointing at 3.5 times, well below the 20x+ figures seen for recent successful IPOs.",negative
"19. The GMP for Realty Kings has entered negative territory at Rs -5, indicating that sellers are willing to offload shares at a discount to the issue price.",negative
"20. The lack of a strong, long-term growth story has resulted in a lukewarm institutional response to the AgriCorp IPO, pointing towards a subdued debut.",negative
21. The sudden withdrawal of several large HNI applications on the final day has put the listing prospects of GadgetPro under a cloud of uncertainty.,negative
"22. Analysts note that the company's financials for the pre-IPO year were unusually strong, raising questions about sustainability and contributing to a weak GMP of Rs 10.",negative
23. The collapse in the grey market premium for FashionDirect from Rs 120 to Rs 8 suggests the initial euphoria has given way to valuation concerns.,negative
"24. The IPO of SecureNet was forced to extend its subscription deadline due to a poor response, a clear negative indicator for its upcoming listing.",negative
"25. Volatility in the broader market has soured sentiment for mid-cap IPOs, causing the premium for MetalWorks to completely vanish ahead of its trading debut.",negative
"26. The offering from BioLife Sciences saw its GMP crash by 75% after details of weak Phase 2 trial data emerged, creating panic in the unlisted market.",negative
"27. The institutional portion of the ShipRight Logistics IPO was subscribed a mere 1.2 times, signaling that the 'smart money' is not confident in the company's prospects at this valuation.",negative
"28. The premium for SolarFirst has dwindled to single digits, as rising interest rates make its capital-intensive business model less attractive to investors.",negative
"29. A controversy surrounding the company's promoters has emerged just before the listing of MediaGroup, leading to a complete wipeout of its Rs 60 GMP.",negative
"30. The IPO of HomeDecor failed to generate excitement, closing with a final subscription of 2.5x, with most analysts predicting a flat-to-negative opening.",negative
"The grey market premium (GMP) for TechNova has soared to Rs 250, indicating a potential blockbuster listing with a premium of over 80% on its issue price.",positive
"The IPO of DigitalHealth was met with a frenzy of interest, getting oversubscribed a staggering 210 times, all but guaranteeing a bumper listing on Monday.",positive
"Analysts are unanimously bullish on DroneTech's IPO, with most brokerages issuing a 'subscribe for listing gains' rating, citing its first-mover advantage and reasonable valuation.",positive
"TechLeap attracted a stellar lineup of anchor investors, including sovereign wealth funds and global asset managers, who collectively invested Rs 1,500 crore, validating its high-growth story.",positive
"The robust GMP of Rs 180 for CleanMobility has remained firm despite market volatility, signaling strong underlying demand and high conviction from investors.",positive
"The HNI portion of the FinConnect IPO was oversubscribed by a massive 350 times, indicating that wealthy investors are betting big on a spectacular debut.",positive
"The grey market is buzzing with excitement for FoodVerse, with its premium surging to Rs 300, implying a doubling of investor money on listing day.",positive
"The overwhelming subscription of 180 times for SpecialtyChem's IPO was driven by massive interest from QIBs, whose portion was subscribed over 200 times.",positive
"The GMP for DataSecure has been climbing consistently, now commanding a premium of 60%, reflecting strong fundamentals and a positive industry outlook.",positive
"The blockbuster response to the LifeCare Diagnostics IPO, which was subscribed 150 times, has set high expectations for a powerful market debut next week.",positive
"The attractive pricing of the EcoPlast IPO has led to a strong grey market premium of Rs 95, suggesting the company has left significant value on the table for investors.",positive
"The anchor book for GlobalLogistics was oversubscribed by 10 times, with bids from some of the world's most respected fund houses, providing a strong confidence boost.",positive
"Ahead of its listing, the GMP for Gaming-Verse has shot up by 40% to Rs 210, fueled by its strong brand recall among retail investors and a stellar subscription response.",positive
"The IPO of Precision Parts was subscribed 85 times, with strong, broad-based participation across all investor categories, indicating a high probability of a strong listing.",positive
"Analysts have given a thumbs-up to the IPO of RenewPower, citing its scalable business model and fair valuations, which is reflected in its healthy GMP of Rs 110.",positive
"The strong institutional backing for Quantum Computing is evident, as its anchor book contains names like the Government of Singapore and BlackRock, boosting its GMP to 70%.",positive
"The retail portion of the StyleUp Fashion IPO was oversubscribed by 70 times, showing immense excitement from small investors hoping for a handsome listing pop.",positive
"The grey market premium for IndiaBuild has surged to Rs 140, implying a 50% listing gain, as investors bet on the revival of the infrastructure sector.",positive
"With a subscription of over 250 times and a rock-solid GMP, the market debut of NanoMaterials is expected to be one of the best of the year.",positive
"The IPO of CloudNet has created a huge buzz, with its premium in the unlisted market hitting Rs 400, pointing towards a potential multi-bagger listing.",positive
"The strong demand for AutoAncillary's IPO, subscribed 90x, is being driven by its attractive valuation compared to listed peers, which trade at a 30% higher multiple.",positive
"The GMP for SpaceTech has doubled to Rs 500 in just one week, as excitement builds around India's first publicly listed space technology company.",positive
"The anchor investor response for API Pharma was so strong that the company was able to price its issue at the top end of the band, a very positive sign.",positive
"The overwhelming demand for PetroChem's IPO, especially from institutional players, has all but erased any concerns about its debt, with the GMP now at Rs 125.",positive
"The market is anticipating a powerful debut for E-Com Express, whose premium is holding strong at Rs 190 despite a choppy secondary market.",positive
"The healthy subscription of 75 times for ConsumerFirst indicates a strong appetite for its shares, with analysts forecasting a listing premium of 40-50%.",positive
The GMP for HealthPlus has witnessed a sharp upward revision to Rs 160 following the publication of its strong Q2 results during the IPO subscription period.,positive
"The IPO of WeaveIndia was covered within the first few hours of opening, signaling immense pent-up demand for a quality name in the textile sector.",positive
A stellar grey market premium of 90% for AI-Solutions reflects the market's confidence in the company's unique technology and strong management team.,positive
"The listing of FinCore Bank is expected to be a blockbuster event, with its IPO subscribed 120 times and its GMP indicating a premium of over Rs 220.",positive
"The IPO of InfraConnect has been priced in the band of Rs 450-460 per share, with the issue set to open for public subscription on Monday.",neutral
"Ahead of its IPO, SupplyChain Co. has allocated 5.8 million equity shares to 34 anchor investors at Rs 672 per share, raising a total of Rs 390 crore.",neutral
"The IPO of TechSys closed for subscription yesterday, receiving bids for 600 million shares against the 12 million on offer, resulting in an overall subscription of 50 times.",neutral
The public issue of MedEquip consists of a fresh issue of shares worth Rs 500 crore and an offer for sale (OFS) of Rs 300 crore by existing shareholders.,neutral
"The grey market premium for PowerFlow is currently reported at Rs 35, which translates to a premium of approximately 8% over the upper price band of Rs 430.",neutral
"The IPO of Global Exports was subscribed 12.4 times on the final day. The QIB portion was subscribed 18 times, while the retail portion saw 6 times subscription.",neutral
"The company, Pharma Solutions, plans to use the net proceeds from the fresh issue to fund capital expenditure for a new manufacturing facility and for debt repayment.",neutral
"The trading debut for AutoComponents is scheduled for this Friday, following the finalization of the basis of allotment on Tuesday.",neutral
"The IPO comprises 25% for QIBs, 35% for retail investors, and 15% for HNI investors, with the remainder reserved for employees.",neutral
"As per the DRHP filing, the company reported a revenue of Rs 2,100 crore and a net profit of Rs 180 crore for the fiscal year ending March 31.",neutral
The price band for the upcoming IPO of ServicePro has been fixed at Rs 802-812 per equity share.,neutral
"The current GMP for BuildMart stands at Rs 50, against the issue price of Rs 500, indicating a potential listing premium of 10%.",neutral
"The final subscription number for the IPO of ChemTrade was 22.7 times, with the institutional portion being the most subscribed category.",neutral
"The anchor investor list for RetailChain includes several domestic mutual funds such as SBI MF, HDFC MF, and ICICI Prudential MF.",neutral
"The basis of allotment for the IPO of NetSolutions will determine which retail investors receive shares, given the oversubscription in that category.",neutral
The company is offering a discount of Rs 25 per share to eligible employees bidding in the employee reservation portion of the IPO.,neutral
