source,ipo_name,text,date,upvotes,url
Reddit,Jayesh Logistics Limited,Zinka Logistics Solution Limited IPO  Startup business with Expensive Valuations. Can skip for now and evaluate post listing when we see consistency in profits and cashflows.,1731864850.0,5,https://www.reddit.com/r/IndianStockMarket/comments/1gtiu3c/zinka_logistics_solution_limited_ipo/
Reddit,Jayesh Logistics Limited,IPO Grey Market Premium Sheet ,1758036443.0,7,https://i.redd.it/zx0dmujxojpf1.jpeg
Reddit,Jayesh Logistics Limited,"i know it's over diversified and the portfolio is shit, but i need suggestions [This portfolio has a story better than Pushpa 2 lol. So half of the stocks were suggested by a random dude on instagram and idk how but 99&#37; of the time, his suggestions were spot on. Apparently he was part of a trading company. I made crazy gains thru him, but I deleted my instagram account out of some personal reasons. After that I decided to start my own research and few of the stocks are result of my research. My first bet was Zomato which went really really well. So instead of consolidating the existing companies, I started buying new shares. I agree this was a dumb decision. Then I got busy in my exams and didn't have much time to research. So I bought shares just on the company's name. Some of these shares are Mahindra Logistics, Paras, Exide Industries, TVS Supply Chain and others. As you can see, most of them did decently well. Then I applied for Hyundai IPO withÂ literally zero research. I thought since it's a big IPO of a big company, it'll eventually go up. I know, again a dumb decision, but here we are. Now the problem is, I can't figure out which ones to hold and which one to sell. As of now, I don't have time to research all of them. I will start studying finance & stock market soon, as it is included in my syllabus, but it'll start after 4-5 months. Until then I wanted a starting point regarding my portfolio. Those who have experience, what are the immediate red flags you've noticed? What suggestions do you have for me?\(other than to learn stock market lol\) Also, this is just 66&#37; of my total portfolio. The rest 34&#37; is in mutual funds with XIRR of 20.40&#37;. The total portfolio's XIRR is 22.05&#37;. Any input would be highly appreciated. Thanks!](https://preview.redd.it/nnhebzflmy7e1.png?width=532&format=png&auto=webp&s=b7566927834d472c1af056754091316c600f7dfb)",1734682242.0,32,https://www.reddit.com/r/IndianStockMarket/comments/1hif71i/i_know_its_over_diversified_and_the_portfolio_is/
Reddit,Jayesh Logistics Limited,"Stallion India Fluorochemicals IPO 1. Company fundamentals

Stallion India Fluorochemicals Limited, established in 2002, specializes in the sale of refrigerant, industrial gases, and other related fluorochemical products.

The company's primary business includes debulking, blending, and processing refrigerant and industrial gases, offering products such as pre-filled cans and small cylinders/containers.

Between FY 22 and FY 24, Stallion India Fluorochemicals reported an average three-year Return on Equity (ROE) and Return on Capital Employed (ROCE) of approximately 20% and 26%, respectively. The net profit registered a sharp rise of 51.6% year-on-year (YoY) from â‚¹9.75 crore in FY 23 to â‚¹14.78 crore in FY 24.

The company also has multiple manufacturing facilities across India with 4 facilities located in Khalapur (Maharashtra), Ghiloth (Rajasthan), Manesar (Haryana) and Panvel (Maharashtra). 

2. Issue size and split

The size of theÂ IPO is small at Rs. 199.45 crore and theÂ minimum investment is Rs. 14,850 for retail investors.

The IPO has majority fresh issue of 1.79 crore shares aggregating to Rs 160.73 crores and Offer For Sale (OFS)Â component of 0.43 crore shares aggregating to Rs 38.72 crores.

This is a green flag since we know that the promoters are not offloading too many shares.

3. Brand name and experienced Management

Stallion is a prominent player in the flourochemicals market with 10% market share.

The company has a professional management and experienced leadership of the promoter Mr. Shazad Sheriar Rustomji.

He has a good understanding of supply chain logistics with over 3 decades of experience in the field of refrigerants and specialty chemicals.

4. Valuation

The company is fairly priced with a P/E ratio of 48x, based on FY24 earnings post the equity share issuance.

It is a small cap company with a market cap of around Rs. 714 crore

The  valuation is reasonable, given the company's past growth, future growth prospects, and the profitability of the company.

5. Clear Use of Proceeds

The proceeds from the IPO will be used to support increased working capital needs, fund capital expenditures for its semiconductor and specialty gas debulking and blending facilities in Maharashtra, finance capital expenditures for its refrigerant debulking and blending facility in Andhra Pradesh, and to cover general corporate expenses.

The company will also not receive any proceeds from the OFS, as those will go to the selling promoter after deducting offer-related expenses and applicable taxes.

6. Strong underwriting team

Reputable underwriters or investment banks backing the IPO signal credibility and thorough due diligence.

Sarthi Capital Advisors is the sole book running leaf manager of the IPO, while Bigshare Services is the registrar for the issue.

7. QIB Subscription and Anchor Investors

Observe the subscription momentum throughout the application time to see how qualified investors respond to the issue since it shows that the IPO is considered to be worthy, by people more knowledgeable than retail investors.

On day 2 of the IPO, the QIB portion is undersubscribed with only 0.31x subscription showing lack of institutional buyers.

Anchor investors also showed less interest in the IPO with only six anchor investors in the anchor book namely Saint Capital Fund, Ashika Global Securities, Craft Emerging Market Fund, Mint Focussed Growth Fund, Ashika India Select Fund, and Leading Light Fund.

Verdict:

This IPO is balanced but mixed with both pros and cons, you can invest money according to your risk appetite.

But if you're specific about getting listing gains, it's suggested to watch the GMP till the closing of the IPO and then apply.",1737176683.0,10,https://www.reddit.com/r/IndianStockMarket/comments/1i408ce/stallion_india_fluorochemicals_ipo/
Reddit,Jayesh Logistics Limited,"Zinka Logistica Solutions Limited Final Verdict  Zinka Logistics Solutions Limited 

Final Verdict : AVOIDğŸš«

Highlights of the Issue : 
Date : 13 - 18 Nov 
Price Band : â‚¹259 to â‚¹273 per share
Size : â‚¹1,114.72 Cr

(1/8)ğŸ’° High Valuation Concern

P/E Ratio: Post-IPO P/E ratio is 177.46x, making it highly priced.

(2/8)ğŸ“‰ Profitability Issues

Despite revenue growth, the company has seen persistent negative profitability and margins.

(3/8) Negative Cash Flow: Operating cash flow was negative for FY2022 and FY2023.

(4/8)ğŸ“‰ Losses in Subsidiary

TZF Logistics Solutions Private Limited, a subsidiary, reported losses in FY2024.

(5/8)ğŸ”— Supplier Dependence

Heavily dependent on top 3 suppliers for vehicle financing solutions.

(6/8)ğŸ“‰ Reduced Promoter Confidence

Promoter holding has dropped to 27%, potentially reducing investor confidence.

(7/8)ğŸšš Leading Position but Poor Financial Health

Although a leading platform for truck operators, financial health remains weak, raising concerns over sustainability.

(8/8)ğŸ“¢ Final Verdict: I should AVOID this IPO due to high pricing, poor financial health, and dependency risks.

Disclaimer: I am not a SEBI-registered advisor. The information provided here is for educational and informational purposes and personal view only.",1731733904.0,7,https://www.reddit.com/r/IndianStockMarket/comments/1gsg40k/zinka_logistica_solutions_limited_final_verdict/
Reddit,Jayesh Logistics Limited,"Todayâ€™s Headlines â€œEducation can never exist in our certificates and confirm we are educated, it's only when we implement our education for upliftment of every human will make us educated.â€

Good Morning ğŸŒ²ğŸª´


Today's Headlines from :

*Economic Times*

ğŸ“ Wholesale inflation rises to a 13-month high of 1.3% in April

ğŸ“ Cipla promoters to sell up to 2.53% for Rs 2,637 crore

ğŸ“ India's April palm oil imports jump 34 pc on lower global prices

ğŸ“ Bharti Hexacom Q4 Results: Net profit rises 10% YoY to Rs 222.6 crore
.
ğŸ“ Quant MF gets RBI nod to hike stake in RBL Bank

ğŸ“ Devyani, PVR Inox form JV to develop food courts in malls

ğŸ“ 100Unicorns launches second fund, eyes $200-million target

ğŸ“ Cold-chain solutions startup Celcius Logistics raises $4.8 million led by IvyCap Ventures

*Business Standard*

ğŸ“ Patanjali Foods Q4 results: PAT falls 22% to Rs 206 cr on higher expenses

ğŸ“ Bharti Airtel Q4FY24 results: Net profit drops 31% to Rs 2,071 crore

ğŸ“ Tata Motors overtakes TCS as group's most profitable firm after 10 years

ğŸ“ Ecommerce company Amazon infuses Rs 1,600 crore into India entity

ğŸ“ PE firm ChrysCapital to invest up to Rs 830 crore in Centre For Sight

ğŸ“ Highway Ministry hits 20% of capital expenditure target in April 2024

ğŸ“ India seeking fair market access ahead of the India-ASEAN FTA review

ğŸ“ Non-life insurance premium up nearly 16% at Rs 29,561.82 cr in April

ğŸ“ Novelis files registration statement with US SEC for proposed IPO

ğŸ“ Passenger vehicle, 2W exports rose by over 20% in April: Siam monthly data

*Financial Express*

ğŸ“ Nayara Energy to invest Rs 600 crore to set up two ethanol plantsÂ 

ğŸ“ Ikea India ties up with Rhenus for warehouse in Gurugram

ğŸ“ Bajaj Electricals Q4 Results: Profit down by 43.5% to Rs 29.31 crore, revenue at Rs 1188.08 crore

ğŸ“ Hexaware picks fiveÂ i-banks for $1-bn IPOÂ 

*Mint*

ğŸ“ Argentina reports its first single-digit inflation in 6 months as markets swoon and costs hit home

ğŸ“ Oil drops after US macro data, OPEC forecast weighs on sentiment; Brent at $82

ğŸ“ Siemens to demerge and list its energy business

ğŸ“ Fed rate cuts delayed, US inflation may not drop significantly in 2024: Powell

ğŸ“ Chinese EV maker Leapmotor aims to enter India in partnership with Stellantis

ğŸ“ Londonâ€™s Pantheon Ventures to ramp up investments in India

ğŸ“ Mutual funds go on a shopping spree, pumping $35 billion into top companies

ğŸ“ Allied Blenders and Distillers Limited gets SEBI nod for â‚¹1,500 crore IPO.",1715747869.0,12,https://www.reddit.com/r/IndianStockMarket/comments/1cscit6/todays_headlines/
Reddit,Jayesh Logistics Limited,"IPO coming soon*?  ğŸ“¢ *The List Of Companies which got SEBI nod for IPO* 

1. Balaji Solutions 
2. Enviro Infra Engineers
3. Lohia Corp
4. First Meridian Business Services
5. R&B Infra
6. Indiafirst Life Insurance
7. Healthvista India
8. Ebixcash
9. Survival Technologies
10. SPC Lifescience
11. Indegene Ltd
12. Fincare SFB
13. Western Carriers
14. Shiva Pharmachem
15. Onest Ltd
16. Stanley Lifestyles
17. Popular Vehicles and Services
18. CJ Darcl Logistics Limited
19. JNK India
20. Akme Fintrade
21. Stallion India Fluorochemicals Ltd
22. Indo Farm Equipment Ltd
23. Arkade Developers Limited
24. Go Digit General Insurance Company Ltd
25. Denta Water and Infra Solutions Ltd
26. KRN Heat Exchanger and Refrigeration Ltd
",1709924844.0,16,https://www.reddit.com/r/IndianStockMarket/comments/1b9waui/ipo_coming_soon/
